"","df09.instnm","df09.inexpfte","df09.tuitfte","df10.instnm","df10.inexpfte","df10.tuitfte","df11.instnm","df11.inexpfte","df11.tuitfte","df12.instnm","df12.inexpfte","df12.tuitfte","df13.instnm","df13.inexpfte","df13.tuitfte","df14.instnm","df14.inexpfte","df14.tuitfte"
"1","Northcentral University",2747,13771,"Northcentral University",2747,13771,"Northcentral University",2747,13771,"Northcentral University",2747,13771,"Northcentral University",2747,13771,"Northcentral University",2747,13771
"2","Utah College of Massage Therapy-Tempe",1792,7186,"Utah College of Massage Therapy-Tempe",1792,7186,"Utah College of Massage Therapy-Tempe",1792,7186,"Utah College of Massage Therapy-Tempe",1792,7186,"Utah College of Massage Therapy-Tempe",1792,7186,"Utah College of Massage Therapy-Tempe",1792,7186
"3","Aveda Institute-Tucson",9560,6702,"Aveda Institute-Tucson",9560,6702,"Aveda Institute-Tucson",9560,6702,"Aveda Institute-Tucson",9560,6702,"Aveda Institute-Tucson",9560,6702,"Aveda Institute-Tucson",9560,6702
"4","Arizona College-Mesa",2998,14090,"Arizona College-Mesa",2998,14090,"Arizona College-Mesa",2998,14090,"Arizona College-Mesa",2998,14090,"Arizona College-Mesa",2998,14090,"Arizona College-Mesa",2998,14090
"5","Arizona Summit Law School",12870,45692,"Arizona Summit Law School",12870,45692,"Arizona Summit Law School",12870,45692,"Arizona Summit Law School",12870,45692,"Arizona Summit Law School",12870,45692,"Arizona Summit Law School",12870,45692
"6","Regency Beauty Institute-Tolleson",7420,11324,"Regency Beauty Institute-Tolleson",7420,11324,"Regency Beauty Institute-Tolleson",7420,11324,"Regency Beauty Institute-Tolleson",7420,11324,"Regency Beauty Institute-Tolleson",7420,11324,"Regency Beauty Institute-Tolleson",7420,11324
"7","Fortis College-Phoenix",5280,8884,"Fortis College-Phoenix",5280,8884,"Fortis College-Phoenix",5280,8884,"Fortis College-Phoenix",5280,8884,"Fortis College-Phoenix",5280,8884,"Fortis College-Phoenix",5280,8884
"8","Frank Lloyd Wright School of Architecture",38544,52798,"Frank Lloyd Wright School of Architecture",38544,52798,"Frank Lloyd Wright School of Architecture",38544,52798,"Frank Lloyd Wright School of Architecture",38544,52798,"Frank Lloyd Wright School of Architecture",38544,52798,"Frank Lloyd Wright School of Architecture",38544,52798
"9","Tucson College of Beauty",4368,5117,"Tucson College of Beauty",4368,5117,"Tucson College of Beauty",4368,5117,"Tucson College of Beauty",4368,5117,"Tucson College of Beauty",4368,5117,"Tucson College of Beauty",4368,5117
"10","Southwest Institute of Healing Arts",1637,9386,"Southwest Institute of Healing Arts",1637,9386,"Southwest Institute of Healing Arts",1637,9386,"Southwest Institute of Healing Arts",1637,9386,"Southwest Institute of Healing Arts",1637,9386,"Southwest Institute of Healing Arts",1637,9386
"11","Empire Beauty School-Paradise Valley",13914,8183,"Empire Beauty School-Paradise Valley",13914,8183,"Empire Beauty School-Paradise Valley",13914,8183,"Empire Beauty School-Paradise Valley",13914,8183,"Empire Beauty School-Paradise Valley",13914,8183,"Empire Beauty School-Paradise Valley",13914,8183
"12","American Indian College Inc",8378,3313,"American Indian College Inc",8378,3313,"American Indian College Inc",8378,3313,"American Indian College Inc",8378,3313,"American Indian College Inc",8378,3313,"American Indian College Inc",8378,3313
"13","Carrington College-Tucson",2581,13497,"Carrington College-Tucson",2581,13497,"Carrington College-Tucson",2581,13497,"Carrington College-Tucson",2581,13497,"Carrington College-Tucson",2581,13497,"Carrington College-Tucson",2581,13497
"14","Brookline College-Phoenix",6269,16664,"Brookline College-Phoenix",6269,16664,"Brookline College-Phoenix",6269,16664,"Brookline College-Phoenix",6269,16664,"Brookline College-Phoenix",6269,16664,"Brookline College-Phoenix",6269,16664
"15","Rio Salado College",2173,2724,"Rio Salado College",2173,2724,"Rio Salado College",2173,2724,"Rio Salado College",2173,2724,"Rio Salado College",2173,2724,"Rio Salado College",2173,2724
"16","Arizona Western College",5285,679,"Arizona Western College",5285,679,"Arizona Western College",5285,679,"Arizona Western College",5285,679,"Arizona Western College",5285,679,"Arizona Western College",5285,679
"17","ITT Technical Institute-Tucson",1722,19470,"ITT Technical Institute-Tucson",1722,19470,"ITT Technical Institute-Tucson",1722,19470,"ITT Technical Institute-Tucson",1722,19470,"ITT Technical Institute-Tucson",1722,19470,"ITT Technical Institute-Tucson",1722,19470
"18","Universal Technical Institute of Arizona Inc",3241,12401,"Universal Technical Institute of Arizona Inc",3241,12401,"Universal Technical Institute of Arizona Inc",3241,12401,"Universal Technical Institute of Arizona Inc",3241,12401,"Universal Technical Institute of Arizona Inc",3241,12401,"Universal Technical Institute of Arizona Inc",3241,12401
"19","Empire Beauty School-NW Phoenix",7609,8236,"Empire Beauty School-NW Phoenix",7609,8236,"Empire Beauty School-NW Phoenix",7609,8236,"Empire Beauty School-NW Phoenix",7609,8236,"Empire Beauty School-NW Phoenix",7609,8236,"Empire Beauty School-NW Phoenix",7609,8236
"20","Cochise County Community College District",3140,744,"Cochise County Community College District",3140,744,"Cochise County Community College District",3140,744,"Cochise County Community College District",3140,744,"Cochise County Community College District",3140,744,"Cochise County Community College District",3140,744
"21","Phoenix College",5044,1488,"Phoenix College",5044,1488,"Phoenix College",5044,1488,"Phoenix College",5044,1488,"Phoenix College",5044,1488,"Phoenix College",5044,1488
"22","Paradise Valley Community College",5299,1876,"Paradise Valley Community College",5299,1876,"Paradise Valley Community College",5299,1876,"Paradise Valley Community College",5299,1876,"Paradise Valley Community College",5299,1876,"Paradise Valley Community College",5299,1876
"23","Arizona College-Glendale",2399,11275,"Arizona College-Glendale",2399,11275,"Arizona College-Glendale",2399,11275,"Arizona College-Glendale",2399,11275,"Arizona College-Glendale",2399,11275,"Arizona College-Glendale",2399,11275
"24","The Art Institute of Phoenix",4650,13708,"The Art Institute of Phoenix",4650,13708,"The Art Institute of Phoenix",4650,13708,"The Art Institute of Phoenix",4650,13708,"The Art Institute of Phoenix",4650,13708,"The Art Institute of Phoenix",4650,13708
"25","Eastern Arizona College",5555,752,"Eastern Arizona College",5555,752,"Eastern Arizona College",5555,752,"Eastern Arizona College",5555,752,"Eastern Arizona College",5555,752,"Eastern Arizona College",5555,752
"26","Carrington College-Mesa",6542,14755,"Carrington College-Mesa",6542,14755,"Carrington College-Mesa",6542,14755,"Carrington College-Mesa",6542,14755,"Carrington College-Mesa",6542,14755,"Carrington College-Mesa",6542,14755
"27","Northern Arizona University",7510,7331,"Northern Arizona University",7510,7331,"Northern Arizona University",7510,7331,"Northern Arizona University",7510,7331,"Northern Arizona University",7510,7331,"Northern Arizona University",7510,7331
"28","Yavapai College",5818,2060,"Yavapai College",5818,2060,"Yavapai College",5818,2060,"Yavapai College",5818,2060,"Yavapai College",5818,2060,"Yavapai College",5818,2060
"29","Everest College-Phoenix",7785,13130,"Everest College-Phoenix",7785,13130,"Everest College-Phoenix",7785,13130,"Everest College-Phoenix",7785,13130,"Everest College-Phoenix",7785,13130,"Everest College-Phoenix",7785,13130
"30","Pima Community College",3914,1742,"Pima Community College",3914,1742,"Pima Community College",3914,1742,"Pima Community College",3914,1742,"Pima Community College",3914,1742,"Pima Community College",3914,1742
"31","Grand Canyon University",1837,10550,"Grand Canyon University",1837,10550,"Grand Canyon University",1837,10550,"Grand Canyon University",1837,10550,"Grand Canyon University",1837,10550,"Grand Canyon University",1837,10550
"32","Arizona Academy of Beauty-East",6566,10287,"Arizona Academy of Beauty-East",6566,10287,"Arizona Academy of Beauty-East",6566,10287,"Arizona Academy of Beauty-East",6566,10287,"Arizona Academy of Beauty-East",6566,10287,"Arizona Academy of Beauty-East",6566,10287
"33","GateWay Community College",5491,2394,"GateWay Community College",5491,2394,"GateWay Community College",5491,2394,"GateWay Community College",5491,2394,"GateWay Community College",5491,2394,"GateWay Community College",5491,2394
"34","Universal Technical Institute of Arizona Inc-Motorcycle Mechanics Institute Division",3365,9773,"Universal Technical Institute of Arizona Inc-Motorcycle Mechanics Institute Division",3365,9773,"Universal Technical Institute of Arizona Inc-Motorcycle Mechanics Institute Division",3365,9773,"Universal Technical Institute of Arizona Inc-Motorcycle Mechanics Institute Division",3365,9773,"Universal Technical Institute of Arizona Inc-Motorcycle Mechanics Institute Division",3365,9773,"Universal Technical Institute of Arizona Inc-Motorcycle Mechanics Institute Division",3365,9773
"35","International School of Cosmetology-Toni & Guy Hairdressing Academy",2802,8111,"International School of Cosmetology-Toni & Guy Hairdressing Academy",2802,8111,"International School of Cosmetology-Toni & Guy Hairdressing Academy",2802,8111,"International School of Cosmetology-Toni & Guy Hairdressing Academy",2802,8111,"International School of Cosmetology-Toni & Guy Hairdressing Academy",2802,8111,"International School of Cosmetology-Toni & Guy Hairdressing Academy",2802,8111
"36","Aveda Institute-Phoenix",3472,2434,"Aveda Institute-Phoenix",3472,2434,"Aveda Institute-Phoenix",3472,2434,"Aveda Institute-Phoenix",3472,2434,"Aveda Institute-Phoenix",3472,2434,"Aveda Institute-Phoenix",3472,2434
"37","American Institute of Interior Design",1944,10364,"American Institute of Interior Design",1944,10364,"American Institute of Interior Design",1944,10364,"American Institute of Interior Design",1944,10364,"American Institute of Interior Design",1944,10364,"American Institute of Interior Design",1944,10364
"38","Penrose Academy",4914,9941,"Penrose Academy",4914,9941,"Penrose Academy",4914,9941,"Penrose Academy",4914,9941,"Penrose Academy",4914,9941,"Penrose Academy",4914,9941
"39","CollegeAmerica-Phoenix",1761,13937,"CollegeAmerica-Phoenix",1761,13937,"CollegeAmerica-Phoenix",1761,13937,"CollegeAmerica-Phoenix",1761,13937,"CollegeAmerica-Phoenix",1761,13937,"CollegeAmerica-Phoenix",1761,13937
"40","Avalon School of Cosmetology-Phoenix",3937,7589,"Avalon School of Cosmetology-Phoenix",3937,7589,"Avalon School of Cosmetology-Phoenix",3937,7589,"Avalon School of Cosmetology-Phoenix",3937,7589,"Avalon School of Cosmetology-Phoenix",3937,7589,"Avalon School of Cosmetology-Phoenix",3937,7589
"41","Regency Beauty Institute-Metro Center",14639,22342,"Regency Beauty Institute-Metro Center",14639,22342,"Regency Beauty Institute-Metro Center",14639,22342,"Regency Beauty Institute-Metro Center",14639,22342,"Regency Beauty Institute-Metro Center",14639,22342,"Regency Beauty Institute-Metro Center",14639,22342
"42","Studio Academy of Beauty",2740,9265,"Studio Academy of Beauty",2740,9265,"Studio Academy of Beauty",2740,9265,"Studio Academy of Beauty",2740,9265,"Studio Academy of Beauty",2740,9265,"Studio Academy of Beauty",2740,9265
"43","Argosy University-Phoenix Online Division",2581,9410,"Argosy University-Phoenix Online Division",2581,9410,"Argosy University-Phoenix Online Division",2581,9410,"Argosy University-Phoenix Online Division",2581,9410,"Argosy University-Phoenix Online Division",2581,9410,"Argosy University-Phoenix Online Division",2581,9410
"44","Pima Medical Institute-East Valley",2456,5481,"Pima Medical Institute-East Valley",2456,5481,"Pima Medical Institute-East Valley",2456,5481,"Pima Medical Institute-East Valley",2456,5481,"Pima Medical Institute-East Valley",2456,5481,"Pima Medical Institute-East Valley",2456,5481
"45","Arizona School of Acupuncture and Oriental Medicine",4846,14885,"Arizona School of Acupuncture and Oriental Medicine",4846,14885,"Arizona School of Acupuncture and Oriental Medicine",4846,14885,"Arizona School of Acupuncture and Oriental Medicine",4846,14885,"Arizona School of Acupuncture and Oriental Medicine",4846,14885,"Arizona School of Acupuncture and Oriental Medicine",4846,14885
"46","Maricopa Skill Center",4112,1792,"Maricopa Skill Center",4112,1792,"Maricopa Skill Center",4112,1792,"Maricopa Skill Center",4112,1792,"Maricopa Skill Center",4112,1792,"Maricopa Skill Center",4112,1792
"47","Conservatory of Recording Arts and Sciences",2511,5993,"Conservatory of Recording Arts and Sciences",2511,5993,"Conservatory of Recording Arts and Sciences",2511,5993,"Conservatory of Recording Arts and Sciences",2511,5993,"Conservatory of Recording Arts and Sciences",2511,5993,"Conservatory of Recording Arts and Sciences",2511,5993
"48","Carrington College-Westside",5115,13764,"Carrington College-Westside",5115,13764,"Carrington College-Westside",5115,13764,"Carrington College-Westside",5115,13764,"Carrington College-Westside",5115,13764,"Carrington College-Westside",5115,13764
"49","Carsten Institute of Cosmetology",11139,18499,"Carsten Institute of Cosmetology",11139,18499,"Carsten Institute of Cosmetology",11139,18499,"Carsten Institute of Cosmetology",11139,18499,"Carsten Institute of Cosmetology",11139,18499,"Carsten Institute of Cosmetology",11139,18499
"50","Brookline College-Tucson",7824,20795,"Brookline College-Tucson",7824,20795,"Brookline College-Tucson",7824,20795,"Brookline College-Tucson",7824,20795,"Brookline College-Tucson",7824,20795,"Brookline College-Tucson",7824,20795
"51","Cortiva Institute-Scottsdale",5427,7936,"Cortiva Institute-Scottsdale",5427,7936,"Cortiva Institute-Scottsdale",5427,7936,"Cortiva Institute-Scottsdale",5427,7936,"Cortiva Institute-Scottsdale",5427,7936,"Cortiva Institute-Scottsdale",5427,7936
"52","Roberto-Venn School of Luthiery",9626,10458,"Roberto-Venn School of Luthiery",9626,10458,"Roberto-Venn School of Luthiery",9626,10458,"Roberto-Venn School of Luthiery",9626,10458,"Roberto-Venn School of Luthiery",9626,10458,"Roberto-Venn School of Luthiery",9626,10458
"53","Scottsdale Community College",6584,2294,"Scottsdale Community College",6584,2294,"Scottsdale Community College",6584,2294,"Scottsdale Community College",6584,2294,"Scottsdale Community College",6584,2294,"Scottsdale Community College",6584,2294
"54","University of Arizona",12071,12441,"University of Arizona",12071,12441,"University of Arizona",12071,12441,"University of Arizona",12071,12441,"University of Arizona",12071,12441,"University of Arizona",12071,12441
"55","Tucson College",3443,12540,"Tucson College",3443,12540,"Tucson College",3443,12540,"Tucson College",3443,12540,"Tucson College",3443,12540,"Tucson College",3443,12540
"56","Brown Mackie College-Tucson",3883,10380,"Brown Mackie College-Tucson",3883,10380,"Brown Mackie College-Tucson",3883,10380,"Brown Mackie College-Tucson",3883,10380,"Brown Mackie College-Tucson",3883,10380,"Brown Mackie College-Tucson",3883,10380
"57","Cortiva Institute-Tucson",3265,7758,"Cortiva Institute-Tucson",3265,7758,"Cortiva Institute-Tucson",3265,7758,"Cortiva Institute-Tucson",3265,7758,"Cortiva Institute-Tucson",3265,7758,"Cortiva Institute-Tucson",3265,7758
"58","Empire Beauty School-Tucson",6111,8029,"Empire Beauty School-Tucson",6111,8029,"Empire Beauty School-Tucson",6111,8029,"Empire Beauty School-Tucson",6111,8029,"Empire Beauty School-Tucson",6111,8029,"Empire Beauty School-Tucson",6111,8029
"59","American Institute of Technology",5458,7854,"American Institute of Technology",5458,7854,"American Institute of Technology",5458,7854,"American Institute of Technology",5458,7854,"American Institute of Technology",5458,7854,"American Institute of Technology",5458,7854
"60","South Mountain Community College",5705,982,"South Mountain Community College",5705,982,"South Mountain Community College",5705,982,"South Mountain Community College",5705,982,"South Mountain Community College",5705,982,"South Mountain Community College",5705,982
"61","ITT Technical Institute-Tempe",1925,19621,"ITT Technical Institute-Tempe",1925,19621,"ITT Technical Institute-Tempe",1925,19621,"ITT Technical Institute-Tempe",1925,19621,"ITT Technical Institute-Tempe",1925,19621,"ITT Technical Institute-Tempe",1925,19621
"62","Dine College",9532,157,"Dine College",9532,157,"Dine College",9532,157,"Dine College",9532,157,"Dine College",9532,157,"Dine College",9532,157
"63","Empire Beauty School-Flagstaff",6584,8056,"Empire Beauty School-Flagstaff",6584,8056,"Empire Beauty School-Flagstaff",6584,8056,"Empire Beauty School-Flagstaff",6584,8056,"Empire Beauty School-Flagstaff",6584,8056,"Empire Beauty School-Flagstaff",6584,8056
"64","Ottawa University-Phoenix",1771,6371,"Ottawa University-Phoenix",1771,6371,"Ottawa University-Phoenix",1771,6371,"Ottawa University-Phoenix",1771,6371,"Ottawa University-Phoenix",1771,6371,"Ottawa University-Phoenix",1771,6371
"65","All Beauty College",4924,10205,"All Beauty College",4924,10205,"All Beauty College",4924,10205,"All Beauty College",4924,10205,"All Beauty College",4924,10205,"All Beauty College",4924,10205
"66","Regency Beauty Institute-North Tucson",6226,9502,"Regency Beauty Institute-North Tucson",6226,9502,"Regency Beauty Institute-North Tucson",6226,9502,"Regency Beauty Institute-North Tucson",6226,9502,"Regency Beauty Institute-North Tucson",6226,9502,"Regency Beauty Institute-North Tucson",6226,9502
"67","ITT Technical Institute-Phoenix West",1636,15646,"ITT Technical Institute-Phoenix West",1636,15646,"ITT Technical Institute-Phoenix West",1636,15646,"ITT Technical Institute-Phoenix West",1636,15646,"ITT Technical Institute-Phoenix West",1636,15646,"ITT Technical Institute-Phoenix West",1636,15646
"68","Arizona State University-Skysong",9752,12563,"Arizona State University-Skysong",9752,12563,"Arizona State University-Skysong",9752,12563,"Arizona State University-Skysong",9752,12563,"Arizona State University-Skysong",9752,12563,"Arizona State University-Skysong",9752,12563
"69","Chamberlain College of Nursing-Arizona",5111,18538,"Chamberlain College of Nursing-Arizona",5111,18538,"Chamberlain College of Nursing-Arizona",5111,18538,"Chamberlain College of Nursing-Arizona",5111,18538,"Chamberlain College of Nursing-Arizona",5111,18538,"Chamberlain College of Nursing-Arizona",5111,18538
"70","Turning Point Beauty College",8599,11716,"Turning Point Beauty College",8599,11716,"Turning Point Beauty College",8599,11716,"Turning Point Beauty College",8599,11716,"Turning Point Beauty College",8599,11716,"Turning Point Beauty College",8599,11716
"71","Empire Beauty School-Prescott",6579,8053,"Empire Beauty School-Prescott",6579,8053,"Empire Beauty School-Prescott",6579,8053,"Empire Beauty School-Prescott",6579,8053,"Empire Beauty School-Prescott",6579,8053,"Empire Beauty School-Prescott",6579,8053
"72","University of Advancing Technology",5015,21957,"University of Advancing Technology",5015,21957,"University of Advancing Technology",5015,21957,"University of Advancing Technology",5015,21957,"University of Advancing Technology",5015,21957,"University of Advancing Technology",5015,21957
"73","Brookline College-Tempe",2336,6210,"Brookline College-Tempe",2336,6210,"Brookline College-Tempe",2336,6210,"Brookline College-Tempe",2336,6210,"Brookline College-Tempe",2336,6210,"Brookline College-Tempe",2336,6210
"74","Arizona State University-West",8436,10868,"Arizona State University-West",8436,10868,"Arizona State University-West",8436,10868,"Arizona State University-West",8436,10868,"Arizona State University-West",8436,10868,"Arizona State University-West",8436,10868
"75","Southwest College of Naturopathic Medicine & Health Sciences",10977,22828,"Southwest College of Naturopathic Medicine & Health Sciences",10977,22828,"Southwest College of Naturopathic Medicine & Health Sciences",10977,22828,"Southwest College of Naturopathic Medicine & Health Sciences",10977,22828,"Southwest College of Naturopathic Medicine & Health Sciences",10977,22828,"Southwest College of Naturopathic Medicine & Health Sciences",10977,22828
"76","Regency Beauty Institute-East Tucson",5824,8889,"Regency Beauty Institute-East Tucson",5824,8889,"Regency Beauty Institute-East Tucson",5824,8889,"Regency Beauty Institute-East Tucson",5824,8889,"Regency Beauty Institute-East Tucson",5824,8889,"Regency Beauty Institute-East Tucson",5824,8889
"77","Brown Mackie College-Phoenix",4418,10087,"Brown Mackie College-Phoenix",4418,10087,"Brown Mackie College-Phoenix",4418,10087,"Brown Mackie College-Phoenix",4418,10087,"Brown Mackie College-Phoenix",4418,10087,"Brown Mackie College-Phoenix",4418,10087
"78","Paul Mitchell the School-Phoenix",3265,9698,"Paul Mitchell the School-Phoenix",3265,9698,"Paul Mitchell the School-Phoenix",3265,9698,"Paul Mitchell the School-Phoenix",3265,9698,"Paul Mitchell the School-Phoenix",3265,9698,"Paul Mitchell the School-Phoenix",3265,9698
"79","DeVry University-Arizona",3779,14697,"DeVry University-Arizona",3779,14697,"DeVry University-Arizona",3779,14697,"DeVry University-Arizona",3779,14697,"DeVry University-Arizona",3779,14697,"DeVry University-Arizona",3779,14697
"80","All Beauty College",1784,729,"All Beauty College",1784,729,"All Beauty College",1784,729,"All Beauty College",1784,729,"All Beauty College",1784,729,"All Beauty College",1784,729
"81","University of Phoenix-Arizona",2016,12922,"University of Phoenix-Arizona",2016,12922,"University of Phoenix-Arizona",2016,12922,"University of Phoenix-Arizona",2016,12922,"University of Phoenix-Arizona",2016,12922,"University of Phoenix-Arizona",2016,12922
"82","Arizona School of Integrative Studies",5029,6755,"Arizona School of Integrative Studies",5029,6755,"Arizona School of Integrative Studies",5029,6755,"Arizona School of Integrative Studies",5029,6755,"Arizona School of Integrative Studies",5029,6755,"Arizona School of Integrative Studies",5029,6755
"83","ITT Technical Institute-Phoenix",4257,20129,"ITT Technical Institute-Phoenix",4257,20129,"ITT Technical Institute-Phoenix",4257,20129,"ITT Technical Institute-Phoenix",4257,20129,"ITT Technical Institute-Phoenix",4257,20129,"ITT Technical Institute-Phoenix",4257,20129
"84","Regency Beauty Institute-Mesa",9181,14011,"Regency Beauty Institute-Mesa",9181,14011,"Regency Beauty Institute-Mesa",9181,14011,"Regency Beauty Institute-Mesa",9181,14011,"Regency Beauty Institute-Mesa",9181,14011,"Regency Beauty Institute-Mesa",9181,14011
"85","Allen School-Phoenix",4705,10253,"Allen School-Phoenix",4705,10253,"Allen School-Phoenix",4705,10253,"Allen School-Phoenix",4705,10253,"Allen School-Phoenix",4705,10253,"Allen School-Phoenix",4705,10253
"86","Tohono O'Odham Community College",8550,2056,"Tohono O'Odham Community College",8550,2056,"Tohono O'Odham Community College",8550,2056,"Tohono O'Odham Community College",8550,2056,"Tohono O'Odham Community College",8550,2056,"Tohono O'Odham Community College",8550,2056
"87","Everest College-Mesa",5705,9830,"Everest College-Mesa",5705,9830,"Everest College-Mesa",5705,9830,"Everest College-Mesa",5705,9830,"Everest College-Mesa",5705,9830,"Everest College-Mesa",5705,9830
"88","The Art Institute of Tucson",5326,12871,"The Art Institute of Tucson",5326,12871,"The Art Institute of Tucson",5326,12871,"The Art Institute of Tucson",5326,12871,"The Art Institute of Tucson",5326,12871,"The Art Institute of Tucson",5326,12871
"89","HDS Truck Driving Institute",3333,8285,"HDS Truck Driving Institute",3333,8285,"HDS Truck Driving Institute",3333,8285,"HDS Truck Driving Institute",3333,8285,"HDS Truck Driving Institute",3333,8285,"HDS Truck Driving Institute",3333,8285
"90","Empire Beauty School-Chandler",6356,8320,"Empire Beauty School-Chandler",6356,8320,"Empire Beauty School-Chandler",6356,8320,"Empire Beauty School-Chandler",6356,8320,"Empire Beauty School-Chandler",6356,8320,"Empire Beauty School-Chandler",6356,8320
"91","Avalon School of Cosmetology-Mesa",3770,7516,"Avalon School of Cosmetology-Mesa",3770,7516,"Avalon School of Cosmetology-Mesa",3770,7516,"Avalon School of Cosmetology-Mesa",3770,7516,"Avalon School of Cosmetology-Mesa",3770,7516,"Avalon School of Cosmetology-Mesa",3770,7516
"92","Glendale Community College",4684,1489,"Glendale Community College",4684,1489,"Glendale Community College",4684,1489,"Glendale Community College",4684,1489,"Glendale Community College",4684,1489,"Glendale Community College",4684,1489
"93","CollegeAmerica-Flagstaff",3873,17541,"CollegeAmerica-Flagstaff",3873,17541,"CollegeAmerica-Flagstaff",3873,17541,"CollegeAmerica-Flagstaff",3873,17541,"CollegeAmerica-Flagstaff",3873,17541,"CollegeAmerica-Flagstaff",3873,17541
"94","Southwest University of Visual Arts-Tucson",2963,19099,"Southwest University of Visual Arts-Tucson",2963,19099,"Southwest University of Visual Arts-Tucson",2963,19099,"Southwest University of Visual Arts-Tucson",2963,19099,"Southwest University of Visual Arts-Tucson",2963,19099,"Southwest University of Visual Arts-Tucson",2963,19099
"95","Mohave Community College",3613,1568,"Mohave Community College",3613,1568,"Mohave Community College",3613,1568,"Mohave Community College",3613,1568,"Mohave Community College",3613,1568,"Mohave Community College",3613,1568
"96","Arizona Academy of Beauty-North",5770,7879,"Arizona Academy of Beauty-North",5770,7879,"Arizona Academy of Beauty-North",5770,7879,"Arizona Academy of Beauty-North",5770,7879,"Arizona Academy of Beauty-North",5770,7879,"Arizona Academy of Beauty-North",5770,7879
"97","Coconino Community College",4025,2788,"Coconino Community College",4025,2788,"Coconino Community College",4025,2788,"Coconino Community College",4025,2788,"Coconino Community College",4025,2788,"Coconino Community College",4025,2788
"98","Hair Academy of Safford",6080,3587,"Hair Academy of Safford",6080,3587,"Hair Academy of Safford",6080,3587,"Hair Academy of Safford",6080,3587,"Hair Academy of Safford",6080,3587,"Hair Academy of Safford",6080,3587
"99","International Baptist College and Seminary",3164,6862,"International Baptist College and Seminary",3164,6862,"International Baptist College and Seminary",3164,6862,"International Baptist College and Seminary",3164,6862,"International Baptist College and Seminary",3164,6862,"International Baptist College and Seminary",3164,6862
"100","Argosy University-Phoenix",4874,13688,"Argosy University-Phoenix",4874,13688,"Argosy University-Phoenix",4874,13688,"Argosy University-Phoenix",4874,13688,"Argosy University-Phoenix",4874,13688,"Argosy University-Phoenix",4874,13688
"101","Golf Academy of America-Phoenix",3761,15320,"Golf Academy of America-Phoenix",3761,15320,"Golf Academy of America-Phoenix",3761,15320,"Golf Academy of America-Phoenix",3761,15320,"Golf Academy of America-Phoenix",3761,15320,"Golf Academy of America-Phoenix",3761,15320
"102","Empire Beauty School-Avondale",5843,8294,"Empire Beauty School-Avondale",5843,8294,"Empire Beauty School-Avondale",5843,8294,"Empire Beauty School-Avondale",5843,8294,"Empire Beauty School-Avondale",5843,8294,"Empire Beauty School-Avondale",5843,8294
"103","Phoenix Institute of Herbal Medicine & Acupuncture",2913,9037,"Phoenix Institute of Herbal Medicine & Acupuncture",2913,9037,"Phoenix Institute of Herbal Medicine & Acupuncture",2913,9037,"Phoenix Institute of Herbal Medicine & Acupuncture",2913,9037,"Phoenix Institute of Herbal Medicine & Acupuncture",2913,9037,"Phoenix Institute of Herbal Medicine & Acupuncture",2913,9037
"104","Phoenix Seminary",13269,9120,"Phoenix Seminary",13269,9120,"Phoenix Seminary",13269,9120,"Phoenix Seminary",13269,9120,"Phoenix Seminary",13269,9120,"Phoenix Seminary",13269,9120
"105","Arizona Culinary Institute",6662,15579,"Arizona Culinary Institute",6662,15579,"Arizona Culinary Institute",6662,15579,"Arizona Culinary Institute",6662,15579,"Arizona Culinary Institute",6662,15579,"Arizona Culinary Institute",6662,15579
"106","Arizona State University-Downtown Phoenix",9648,12430,"Arizona State University-Downtown Phoenix",9648,12430,"Arizona State University-Downtown Phoenix",9648,12430,"Arizona State University-Downtown Phoenix",9648,12430,"Arizona State University-Downtown Phoenix",9648,12430,"Arizona State University-Downtown Phoenix",9648,12430
"107","Sessions College for Professional Design",16892,43931,"Sessions College for Professional Design",16892,43931,"Sessions College for Professional Design",16892,43931,"Sessions College for Professional Design",16892,43931,"Sessions College for Professional Design",16892,43931,"Sessions College for Professional Design",16892,43931
"108","Trine University-Arizona Regional Campus",NA,NA,"Trine University-Arizona Regional Campus",NA,NA,"Trine University-Arizona Regional Campus",NA,NA,"Trine University-Arizona Regional Campus",NA,NA,"Trine University-Arizona Regional Campus",NA,NA,"Trine University-Arizona Regional Campus",NA,NA
"109","National Paralegal College",1627,7872,"National Paralegal College",1627,7872,"National Paralegal College",1627,7872,"National Paralegal College",1627,7872,"National Paralegal College",1627,7872,"National Paralegal College",1627,7872
"110","Pure Aesthetics",4190,16304,"Pure Aesthetics",4190,16304,"Pure Aesthetics",4190,16304,"Pure Aesthetics",4190,16304,"Pure Aesthetics",4190,16304,"Pure Aesthetics",4190,16304
"111","Utah College of Massage Therapy-Phoenix",1835,7360,"Utah College of Massage Therapy-Phoenix",1835,7360,"Utah College of Massage Therapy-Phoenix",1835,7360,"Utah College of Massage Therapy-Phoenix",1835,7360,"Utah College of Massage Therapy-Phoenix",1835,7360,"Utah College of Massage Therapy-Phoenix",1835,7360
"112","East Valley Institute of Technology",2044,4131,"East Valley Institute of Technology",2044,4131,"East Valley Institute of Technology",2044,4131,"East Valley Institute of Technology",2044,4131,"East Valley Institute of Technology",2044,4131,"East Valley Institute of Technology",2044,4131
"113","Embry-Riddle Aeronautical University-Prescott",14781,26607,"Embry-Riddle Aeronautical University-Prescott",14781,26607,"Embry-Riddle Aeronautical University-Prescott",14781,26607,"Embry-Riddle Aeronautical University-Prescott",14781,26607,"Embry-Riddle Aeronautical University-Prescott",14781,26607,"Embry-Riddle Aeronautical University-Prescott",14781,26607
"114","Collins College",15126,33714,"Collins College",15126,33714,"Collins College",15126,33714,"Collins College",15126,33714,"Collins College",15126,33714,"Collins College",15126,33714
"115","Thunderbird School of Global Management",55110,71514,"Thunderbird School of Global Management",55110,71514,"Thunderbird School of Global Management",55110,71514,"Thunderbird School of Global Management",55110,71514,"Thunderbird School of Global Management",55110,71514,"Thunderbird School of Global Management",55110,71514
"116","Arizona Automotive Institute",7086,17356,"Arizona Automotive Institute",7086,17356,"Arizona Automotive Institute",7086,17356,"Arizona Automotive Institute",7086,17356,"Arizona Automotive Institute",7086,17356,"Arizona Automotive Institute",7086,17356
"117","Refrigeration School Inc",1491,10449,"Refrigeration School Inc",1491,10449,"Refrigeration School Inc",1491,10449,"Refrigeration School Inc",1491,10449,"Refrigeration School Inc",1491,10449,"Refrigeration School Inc",1491,10449
"118","Charles of Italy Beauty College",1830,8454,"Charles of Italy Beauty College",1830,8454,"Charles of Italy Beauty College",1830,8454,"Charles of Italy Beauty College",1830,8454,"Charles of Italy Beauty College",1830,8454,"Charles of Italy Beauty College",1830,8454
"119","Northland Pioneer College",6303,1245,"Northland Pioneer College",6303,1245,"Northland Pioneer College",6303,1245,"Northland Pioneer College",6303,1245,"Northland Pioneer College",6303,1245,"Northland Pioneer College",6303,1245
"120","Midwestern University-Glendale",20904,44185,"Midwestern University-Glendale",20904,44185,"Midwestern University-Glendale",20904,44185,"Midwestern University-Glendale",20904,44185,"Midwestern University-Glendale",20904,44185,"Midwestern University-Glendale",20904,44185
"121","Carrington College-Phoenix",3582,13638,"Carrington College-Phoenix",3582,13638,"Carrington College-Phoenix",3582,13638,"Carrington College-Phoenix",3582,13638,"Carrington College-Phoenix",3582,13638,"Carrington College-Phoenix",3582,13638
"122","Pima Medical Institute-Tucson",2713,6165,"Pima Medical Institute-Tucson",2713,6165,"Pima Medical Institute-Tucson",2713,6165,"Pima Medical Institute-Tucson",2713,6165,"Pima Medical Institute-Tucson",2713,6165,"Pima Medical Institute-Tucson",2713,6165
"123","International Academy of Hair Design",5705,9428,"International Academy of Hair Design",5705,9428,"International Academy of Hair Design",5705,9428,"International Academy of Hair Design",5705,9428,"International Academy of Hair Design",5705,9428,"International Academy of Hair Design",5705,9428
"124","Prescott College",7738,17501,"Prescott College",7738,17501,"Prescott College",7738,17501,"Prescott College",7738,17501,"Prescott College",7738,17501,"Prescott College",7738,17501
"125","Arizona State University-Tempe",9671,12460,"Arizona State University-Tempe",9671,12460,"Arizona State University-Tempe",9671,12460,"Arizona State University-Tempe",9671,12460,"Arizona State University-Tempe",9671,12460,"Arizona State University-Tempe",9671,12460
"126","Mesa Community College",4701,1957,"Mesa Community College",4701,1957,"Mesa Community College",4701,1957,"Mesa Community College",4701,1957,"Mesa Community College",4701,1957,"Mesa Community College",4701,1957
"127","Arizona Christian University",6537,9345,"Arizona Christian University",6537,9345,"Arizona Christian University",6537,9345,"Arizona Christian University",6537,9345,"Arizona Christian University",6537,9345,"Arizona Christian University",6537,9345
"128","Central Arizona College",6512,1192,"Central Arizona College",6512,1192,"Central Arizona College",6512,1192,"Central Arizona College",6512,1192,"Central Arizona College",6512,1192,"Central Arizona College",6512,1192
"129","Western International University",3306,8252,"Western International University",3306,8252,"Western International University",3306,8252,"Western International University",3306,8252,"Western International University",3306,8252,"Western International University",3306,8252
"130","Pima Medical Institute-Mesa",3378,7408,"Pima Medical Institute-Mesa",3378,7408,"Pima Medical Institute-Mesa",3378,7408,"Pima Medical Institute-Mesa",3378,7408,"Pima Medical Institute-Mesa",3378,7408,"Pima Medical Institute-Mesa",3378,7408
"131","Estrella Mountain Community College",3778,1491,"Estrella Mountain Community College",3778,1491,"Estrella Mountain Community College",3778,1491,"Estrella Mountain Community College",3778,1491,"Estrella Mountain Community College",3778,1491,"Estrella Mountain Community College",3778,1491
"132","Le Cordon Bleu College of Culinary Arts-Scottsdale",2071,7653,"Le Cordon Bleu College of Culinary Arts-Scottsdale",2071,7653,"Le Cordon Bleu College of Culinary Arts-Scottsdale",2071,7653,"Le Cordon Bleu College of Culinary Arts-Scottsdale",2071,7653,"Le Cordon Bleu College of Culinary Arts-Scottsdale",2071,7653,"Le Cordon Bleu College of Culinary Arts-Scottsdale",2071,7653
"133","Chandler-Gilbert Community College",4010,1907,"Chandler-Gilbert Community College",4010,1907,"Chandler-Gilbert Community College",4010,1907,"Chandler-Gilbert Community College",4010,1907,"Chandler-Gilbert Community College",4010,1907,"Chandler-Gilbert Community College",4010,1907
"134","Arizona State University-Polytechnic",10320,13296,"Arizona State University-Polytechnic",10320,13296,"Arizona State University-Polytechnic",10320,13296,"Arizona State University-Polytechnic",10320,13296,"Arizona State University-Polytechnic",10320,13296,"Arizona State University-Polytechnic",10320,13296
